Actual_USD,Predicted_USD,Residual_USD
47700,47952,-252
45800,87308,-41508
500001,488752,11249
218600,254007,-35407
278000,226318,51682
158700,168068,-9368
198200,235836,-37636
157500,164036,-6536
340000,262847,77153
446600,490595,-43995
123200,97246,25954
253900,198566,55334
215100,169825,45275
220500,181407,39093
219800,248462,-28662
136200,161835,-25635
178400,202200,-23800
187500,180875,6625
139800,148408,-8609
137500,90417,47083
425000,394239,30761
405600,370337,35263
138800,145932,-7132
500001,403722,96279
162100,175917,-13817
51400,53300,-1900
151300,181591,-30291
94800,106811,-12011
204100,164568,39532
361500,378349,-16849
85100,104192,-19092
138400,135563,2837
137500,205601,-68101
465000,411952,53048
271800,274064,-2264
239400,250053,-10653
340900,307343,33557
150400,160938,-10538
128100,135488,-7388
156000,149653,6347
258100,300100,-42000
90500,93972,-3472
71300,99638,-28338
219700,212210,7490
151000,154666,-3666
290100,215447,74653
142000,135584,6416
291500,169979,121521
255400,240937,14463
98100,106976,-8876
251900,256317,-4417
162100,202327,-40227
129400,162364,-32964
89400,73984,15416
150500,137940,12560
133800,194179,-60379
80400,79711,689
211100,215479,-4379
255600,195108,60492
214500,233838,-19338
500001,423838,76163
202100,233406,-31306
81500,99563,-18063
98800,100101,-1301
281900,307528,-25628
184600,183809,791
254700,145808,108892
143100,155227,-12127
162500,180620,-18120
142600,157891,-15291
85900,122582,-36682
186900,206800,-19900
71300,84241,-12941
174400,191939,-17539
225000,186214,38786
146500,212359,-65859
405000,407538,-2538
189600,229839,-40239
164400,179507,-15107
337500,302465,35035
72500,90592,-18092
143800,173456,-29656
160000,187922,-27922
118100,199058,-80958
374000,416205,-42205
202700,227965,-25265
96600,89865,6735
65800,75907,-10107
167400,206206,-38806
179800,228720,-48920
96700,118084,-21384
266100,273508,-7408
91100,96271,-5171
49800,49619,181
90700,99367,-8667
115800,129264,-13465
278600,376158,-97558
250000,169399,80601
85000,138470,-53470
177000,166965,10035
99700,156437,-56737
357600,428253,-70653
475000,351092,123908
273600,267825,5775
182400,211165,-28765
157800,155999,1801
193800,218717,-24917
333600,280093,53507
264600,270787,-6187
58400,78083,-19683
173400,156147,17253
214800,240649,-25849
200000,242837,-42837
422800,378208,44592
93600,159414,-65814
122200,206269,-84069
167600,169681,-2081
303600,284317,19283
269300,254259,15041
264400,232211,32189
191000,172751,18249
153800,194960,-41160
275500,314413,-38913
208800,196428,12372
142300,139098,3202
63500,87906,-24406
95800,114778,-18978
231700,223095,8606
221500,270788,-49288
89500,186038,-96538
226000,335521,-109521
500001,498233,1768
270200,272676,-2476
59600,74842,-15242
193300,206528,-13228
133600,122244,11356
161900,233907,-72007
357500,286031,71469
276500,235663,40837
410700,284913,125787
375000,268737,106263
135200,127718,7483
167200,137944,29256
252000,229057,22943
308400,426504,-118104
172100,160330,11770
500001,448201,51800
193800,212893,-19093
105200,104495,705
90800,135059,-44259
168800,200566,-31766
162100,132297,29803
161200,157980,3220
137500,141903,-4403
289300,291418,-2118
278700,280708,-2008
161700,231888,-70188
231000,239274,-8274
87500,84843,2657
95700,104138,-8438
240600,243361,-2761
214100,210285,3815
428600,403922,24678
125000,148294,-23294
76400,90107,-13707
263800,253567,10233
120400,207238,-86838
109100,80943,28157
170600,213190,-42590
257400,246039,11361
320000,312132,7868
289600,315894,-26294
307300,270760,36540
325500,290880,34620
58400,61057,-2657
48500,65251,-16751
216700,100587,116113
97900,100459,-2559
158600,160092,-1492
69000,73742,-4742
322300,342969,-20669
467700,337008,130692
163000,170744,-7744
287100,281862,5238
54600,57492,-2892
90400,113626,-23226
155500,162233,-6733
175000,257732,-82732
411200,425859,-14659
332100,274284,57816
141200,155809,-14609
247100,256229,-9129
153000,150750,2250
155000,183478,-28478
390800,169334,221466
90000,108895,-18895
196700,197202,-502
68200,90759,-22559
500001,500001,0
92100,117611,-25511
297900,288562,9338
500001,463303,36698
332300,302920,29380
171100,201179,-30079
152100,172725,-20625
232000,221052,10948
127100,133855,-6755
87500,122642,-35142
203400,188382,15018
228600,191106,37494
116700,105872,10828
416700,497466,-80766
227600,186061,41539
267900,297452,-29552
97200,121473,-24273
137500,148891,-11391
198800,200353,-1553
68600,57704,10896
352500,278888,73612
103800,107439,-3639
107800,121438,-13638
131700,179648,-47948
271300,329389,-58089
97300,233624,-136324
95000,104328,-9328
67500,152717,-85217
326100,317852,8248
65600,91619,-26019
225600,210069,15531
263800,321499,-57699
348300,299106,49194
325000,247492,77508
108800,122959,-14159
400000,376126,23874
138400,133952,4448
61000,78369,-17369
453100,432776,20324
500001,496916,3085
120200,141934,-21734
329200,294391,34809
196300,209124,-12824
150000,116360,33640
152000,171772,-19772
169900,162254,7646
137500,171290,-33790
283000,265642,17358
404500,248345,156155
193500,236636,-43136
205100,354322,-149222
145600,154105,-8505
225000,105949,119051
215900,211078,4822
158500,162474,-3974
124700,138620,-13920
65400,73703,-8303
280200,209054,71146
180500,172190,8310
105400,119423,-14023
100000,113005,-13005
166300,153648,12652
158000,190366,-32366
243800,274445,-30645
362900,379129,-16229
201900,184072,17828
52600,90101,-37501
500001,382944,117057
112000,126288,-14288
225000,181661,43339
439900,393408,46492
88300,129780,-41480
500001,500001,0
276800,179679,97121
179200,157597,21603
199700,183632,16068
132000,137448,-5448
61300,85645,-24345
171900,210620,-38720
123800,125896,-2096
135300,125375,9925
137100,232158,-95058
129300,156588,-27288
227900,240219,-12319
94400,110773,-16373
103500,132450,-28950
320800,401047,-80247
125000,394459,-269459
332400,324990,7410
159100,151542,7558
236900,242590,-5690
461600,460092,1508
156900,160239,-3339
148200,102015,46185
166500,160782,5718
196900,238384,-41484
167800,182116,-14316
126700,96330,30370
500001,427767,72234
57900,55193,2707
238000,224206,13794
142000,185889,-43889
86900,116726,-29826
56000,68317,-12317
500001,495940,4061
112400,114053,-1653
63600,110967,-47367
431300,452335,-21035
265900,247466,18434
58000,62165,-4165
194100,371572,-177472
142800,157525,-14725
178700,165925,12775
187500,237588,-50088
225000,198680,26320
313000,271633,41367
500001,499995,6
153600,152460,1140
62300,75661,-13361
194500,207951,-13451
163900,166481,-2581
398800,367019,31781
204100,252766,-48666
199300,220156,-20856
176700,210850,-34150
500001,484067,15934
248900,202280,46620
150000,149699,301
231700,190349,41351
58000,101129,-43129
126000,132738,-6738
163300,159471,3829
113400,119762,-6362
300000,198043,101957
310900,315943,-5043
218800,195641,23159
70400,70084,316
237700,285218,-47518
118800,120627,-1827
73100,72220,879
75000,112968,-37968
450700,421232,29468
240200,247656,-7456
65800,67027,-1227
64700,70814,-6114
175100,215390,-40290
223700,226891,-3191
96300,99080,-2780
405100,395223,9877
376800,331139,45661
500001,497039,2962
350000,255527,94473
162500,208316,-45816
177300,196781,-19481
98400,104391,-5991
138800,124464,14336
175000,243855,-68855
260900,181496,79404
104700,78922,25778
159500,201834,-42334
295900,288727,7173
137500,323433,-185933
500001,417850,82151
227000,220119,6881
263900,235070,28830
160400,160493,-93
142000,150068,-8068
162500,168307,-5807
230400,173489,56911
500001,458833,41168
217700,279475,-61775
183000,224327,-41327
245800,191575,54225
129200,146939,-17739
60400,71681,-11281
67500,91698,-24198
295200,297661,-2461
192600,197798,-5198
150600,152460,-1860
125700,153401,-27701
63400,80349,-16949
151300,179125,-27825
245600,314670,-69070
500001,484781,15220
165500,181953,-16453
113500,117704,-4204
322200,332418,-10218
362500,420890,-58390
69600,81862,-12262
156100,161662,-5562
87500,121260,-33760
193100,194901,-1801
218000,213577,4423
101800,94463,7337
129100,116767,12333
156300,129980,26320
183200,174816,8384
148100,160615,-12515
500001,499413,588
222100,334830,-112730
167600,183698,-16098
184500,217154,-32654
370000,404218,-34218
239400,246522,-7122
166700,169835,-3135
233300,189835,43465
240000,253698,-13698
91300,109030,-17730
483500,479065,4435
150500,162423,-11923
99500,150118,-50618
240200,227656,12544
95500,117491,-21991
500001,498941,1060
251600,212265,39335
120800,109511,11289
135700,116019,19681
225400,216135,9265
500001,429880,70121
85100,117995,-32895
500001,355501,144500
164800,158803,5997
111600,148827,-37227
161000,155623,5377
213700,202446,11254
116500,119517,-3017
350000,385816,-35816
159900,223278,-63378
438300,297155,141145
171100,176278,-5178
271100,294085,-22985
500001,226506,273495
68000,101420,-33420
191700,217501,-25801
255900,270656,-14756
112500,129288,-16788
182200,179113,3087
347600,305925,41675
332000,300113,31887
110900,129971,-19071
211900,222399,-10499
262500,241756,20744
237900,240033,-2133
90000,143229,-53229
427200,378757,48443
370500,373212,-2712
116300,106906,9394
170800,173344,-2544
285500,310216,-24716
111500,166063,-54563
83200,114881,-31681
248200,234827,13373
395500,330934,64566
218300,204706,13594
500001,472500,27501
88900,94300,-5400
181000,175580,5421
280900,355708,-74808
345300,288774,56526
181000,217369,-36369
192200,198038,-5838
78100,68737,9363
75000,162475,-87475
433300,418013,15287
160100,170203,-10103
109200,130109,-20909
96200,126934,-30734
191400,152783,38617
360000,221374,138626
185600,224894,-39294
118800,119178,-378
122700,111397,11303
206300,185589,20711
195600,141098,54503
75600,90581,-14981
104300,112337,-8037
385900,442929,-57029
113900,137380,-23480
79400,114942,-35542
81300,76312,4987
129200,182509,-53309
73500,82593,-9093
175900,170265,5635
142400,158958,-16558
234100,215907,18193
286700,298201,-11501
92500,126508,-34008
170100,163111,6989
161800,166174,-4374
225300,269845,-44545
170600,150071,20529
319400,328255,-8855
95800,91171,4629
73400,87084,-13684
93600,123069,-29469
51700,53563,-1863
358700,368188,-9488
64700,69686,-4986
344200,290725,53475
314000,336404,-22404
185700,211817,-26117
279300,260952,18348
119400,205319,-85919
280400,293616,-13216
187100,241917,-54817
83800,82076,1724
309300,235746,73554
229200,288419,-59219
245000,221435,23565
227600,268678,-41078
500001,449012,50989
320800,261623,59177
147300,156321,-9021
162300,180016,-17716
265900,272990,-7090
500001,474177,25824
189100,205988,-16888
316400,393704,-77304
181900,183790,-1890
261500,329156,-67656
69000,64870,4130
181300,241139,-59839
293000,304862,-11862
111100,136385,-25285
218300,272189,-53889
147200,146306,894
243800,164250,79550
223000,221086,1914
137500,162098,-24598
60600,63090,-2490
275000,154557,120443
350000,218801,131199
171200,146744,24456
83500,104840,-21340
225000,277422,-52422
165600,182577,-16977
152000,165563,-13563
192000,216260,-24260
254200,280693,-26493
150000,110524,39476
212500,234775,-22275
80400,65522,14878
206500,257041,-50541
331100,336209,-5109
201400,250996,-49596
188400,184209,4191
195400,202309,-6909
442500,453014,-10514
152700,196663,-43963
500001,500001,0
239800,259013,-19213
159400,126346,33054
91800,121805,-30005
240900,253688,-12788
136400,141145,-4745
103600,98544,5056
132500,143688,-11188
292900,279496,13404
62800,135279,-72479
112100,119715,-7615
89100,89030,70
120700,136600,-15900
471400,371608,99792
314700,353647,-38947
226400,242279,-15879
409700,291600,118100
149000,137994,11006
171700,405677,-233977
235500,350630,-115130
322800,276405,46395
244500,262324,-17824
162200,167024,-4824
340900,366699,-25799
57400,51704,5696
198900,211899,-12999
109700,181117,-71417
137500,112821,24679
85700,135302,-49602
98300,88251,10049
178200,171178,7021
137500,253446,-115946
275000,276311,-1311
381500,309062,72438
500001,497069,2932
500001,479671,20330
179200,160338,18862
204500,216426,-11926
394100,420351,-26251
184400,186233,-1833
174000,159886,14114
80700,90257,-9557
189600,187240,2360
60000,78767,-18767
126600,111682,14918
262500,233688,28812
139200,141768,-2568
51300,56066,-4766
229200,230038,-839
101100,166184,-65084
97700,95228,2472
158300,148863,9437
349100,396699,-47599
85500,115398,-29898
214100,260347,-46247
227100,235005,-7905
155700,131772,23928
66800,81668,-14868
207300,224705,-17405
222800,197293,25507
354500,351110,3390
340500,329831,10669
52900,65864,-12964
140600,197792,-57192
150800,177504,-26704
56100,73716,-17616
259600,275386,-15786
318900,309926,8974
148400,246986,-98586
289900,228841,61059
161800,226925,-65125
255000,203246,51754
87500,148095,-60595
245000,295312,-50312
305000,322122,-17122
215000,271176,-56176
249000,270751,-21751
500001,499916,85
320000,254012,65988
174000,182731,-8731
292500,242816,49684
500001,468716,31285
289900,314335,-24435
438400,356338,82062
182000,196091,-14091
170500,174757,-4257
69200,71429,-2229
95600,117950,-22350
272800,343175,-70375
81300,172764,-91464
272400,285768,-13368
152600,156905,-4305
55900,69830,-13930
213500,215712,-2212
331300,174847,156453
201800,201896,-96
57100,66403,-9303
331800,399485,-67685
365900,233048,132852
127500,110130,17370
111800,95195,16605
353700,264864,88836
229300,254342,-25042
87500,91720,-4220
237500,262488,-24988
113300,91887,21413
112500,107836,4664
138500,119563,18937
307400,365090,-57690
100900,115449,-14549
97800,92434,5366
176700,209667,-32967
218000,219032,-1032
290600,222042,68558
157700,181040,-23340
348000,351474,-3474
67200,84186,-16986
260400,227119,33281
123600,135843,-12243
67500,68490,-990
130700,162518,-31818
66000,86656,-20656
166600,185378,-18778
225600,205974,19626
257100,225331,31769
500001,476573,23428
113900,131448,-17548
91000,125743,-34743
217400,204643,12757
96000,105860,-9860
129200,154981,-25781
350200,347882,2318
442100,492671,-50571
222900,157948,64952
81300,81690,-390
160600,173258,-12658
500001,332359,167642
341200,342134,-934
287900,285250,2650
344700,452280,-107580
180000,190554,-10554
167800,215931,-48131
55000,77269,-22269
50800,51175,-375
142600,189313,-46713
235800,215230,20570
112700,141632,-28932
210200,195093,15107
210700,108474,102226
65400,67342,-1942
162500,185736,-23236
150300,163940,-13640
500001,450392,49609
101400,128521,-27121
221800,266238,-44438
260300,236625,23675
178800,192873,-14073
170400,164337,6063
319400,366688,-47288
190600,187166,3434
184100,196729,-12629
191100,208358,-17258
149600,216252,-66652
500001,437471,62530
183400,189436,-6036
444100,359802,84298
242700,255716,-13016
76200,93530,-17330
132900,153438,-20538
409800,308773,101027
112500,98703,13797
376600,326258,50342
50500,94462,-43962
500001,387150,112851
209500,187152,22348
77800,87850,-10050
299700,302675,-2975
375000,236844,138156
156500,119046,37454
240000,275674,-35674
77200,86284,-9084
98500,80397,18103
500001,353681,146320
110400,162863,-52463
86400,151141,-64741
230400,236337,-5937
163900,210570,-46670
500001,446520,53481
49500,81080,-31580
107400,126049,-18649
362500,158649,203851
145000,142379,2621
218500,263066,-44566
130100,148607,-18507
146000,157253,-11253
152500,111150,41350
457200,458588,-1388
165200,178519,-13319
394700,356160,38540
144400,141217,3183
136600,114862,21738
216400,242355,-25955
139000,134512,4488
103800,111442,-7642
488500,380324,108176
227100,247445,-20345
238000,217920,20080
215600,303038,-87438
292300,355299,-62999
145900,153071,-7171
187300,200712,-13412
185400,175031,10369
280000,220074,59926
141100,141791,-691
190900,249215,-58315
262500,154633,107867
442000,373018,68982
274800,292182,-17382
85500,87604,-2104
231800,267353,-35553
302000,296107,5893
235800,316453,-80653
72200,96816,-24616
182400,174491,7909
500001,476654,23347
78700,75555,3145
181300,224589,-43289
198000,225399,-27399
199600,226023,-26423
63300,89646,-26346
94000,130332,-36332
186800,182177,4623
117000,126660,-9660
117800,113656,4144
121000,149764,-28764
230900,199026,31875
427300,403428,23872
128100,148491,-20391
384700,261925,122775
290400,273112,17288
91300,117054,-25754
61900,73515,-11615
232200,248534,-16334
129600,123474,6126
127500,107539,19961
150500,163206,-12706
187500,121735,65765
437900,463728,-25828
126500,254742,-128242
453400,458476,-5076
229400,219215,10185
364900,367220,-2320
191900,202030,-10130
87500,126393,-38893
30000,91190,-61190
335700,273521,62179
242100,241873,227
173700,205128,-31428
54100,53427,673
207800,200729,7071
112500,72256,40244
166700,179480,-12780
271800,261254,10546
141100,150870,-9770
375000,187589,187411
161600,169255,-7655
159400,215091,-55691
86300,108633,-22333
256300,237934,18366
213200,227385,-14185
254100,220901,33199
132600,145187,-12587
169300,175855,-6555
347700,364179,-16479
159700,153939,5761
90900,167732,-76832
290500,259727,30773
189900,248229,-58329
495600,482624,12976
333300,367816,-34516
183800,187296,-3496
189000,198338,-9338
157500,133043,24457
66600,61094,5506
132400,158870,-26470
156000,160596,-4596
348100,280029,68071
226400,266217,-39817
74200,105480,-31280
158300,191104,-32804
500001,499764,237
165500,192256,-26756
329500,269554,59946
139600,180825,-41225
152900,142991,9909
367300,287124,80176
70000,79463,-9463
97400,125833,-28433
65900,102955,-37055
49300,51384,-2084
154100,169464,-15364
272800,216353,56447
247100,286223,-39123
268800,211766,57034
247600,202945,44655
416800,341679,75121
121600,119702,1898
171700,161163,10537
173800,226796,-52996
235600,263504,-27904
260100,265885,-5785
200000,195193,4807
296600,249111,47489
374600,252180,122420
177800,225180,-47380
269500,281448,-11948
62000,73064,-11064
197600,211053,-13453
52700,62582,-9882
191400,187846,3554
317700,322496,-4796
329400,268779,60621
330700,386371,-55671
187400,213884,-26484
286500,206327,80173
500001,206958,293043
133900,180013,-46113
199800,211991,-12191
45000,71876,-26876
354600,311183,43417
263800,266670,-2870
278400,249624,28776
160400,154780,5620
241300,263039,-21739
208300,202499,5801
263600,267382,-3782
145000,166174,-21174
132500,143952,-11452
183800,199801,-16001
81100,78352,2748
176500,193057,-16557
255500,225177,30323
166100,214673,-48573
102000,151394,-49394
86100,126566,-40466
100600,91455,9145
500000,397010,102990
209900,267133,-57233
52500,83672,-31172
262900,234828,28072
158800,154739,4061
209500,197779,11721
350000,209192,140808
217100,228863,-11763
141400,144154,-2754
93400,106940,-13540
198200,178580,19620
187200,179626,7574
185300,198160,-12860
500001,417368,82633
281300,198253,83047
103600,110107,-6507
287900,277282,10618
208300,217518,-9218
175000,327085,-152085
132700,113832,18868
172000,195316,-23316
500001,484091,15910
64000,76798,-12799
227900,211376,16524
63100,68548,-5448
84100,102364,-18264
339200,310866,28334
156300,77288,79011
383600,363271,20329
137100,146300,-9200
56800,71180,-14380
70000,92307,-22307
96300,81622,14678
92600,147735,-55135
359100,330233,28867
158700,189909,-31209
500001,450550,49451
114600,177341,-62741
410200,367239,42961
281900,238528,43372
101700,122779,-21079
169300,188142,-18842
207800,213846,-6046
327200,345531,-18331
277900,267031,10869
111400,104191,7209
80600,96570,-15970
207500,278274,-70774
275300,251060,24240
421000,342630,78370
128800,186303,-57503
313900,318182,-4282
67600,80630,-13030
64400,71739,-7339
153900,164575,-10675
130700,133539,-2839
238500,312611,-74111
379600,432189,-52589
146500,204261,-57761
150300,183989,-33689
80300,108449,-28149
293300,142563,150736
288000,317139,-29139
144100,150876,-6776
127000,145634,-18634
152100,199043,-46943
156800,140149,16651
104900,134517,-29617
500001,500001,0
134400,147471,-13071
500001,499583,418
272800,289090,-16290
151600,111891,39709
362600,301206,61394
169200,228132,-58932
140400,168673,-28273
43700,49491,-5791
136000,193474,-57474
264400,243025,21375
152200,188029,-35829
137500,233808,-96308
214700,182248,32452
170900,224655,-53755
236200,224557,11643
297800,248296,49504
88500,114105,-25605
127600,122316,5284
80200,91477,-11277
306000,335689,-29689
436400,244125,192275
238900,222207,16693
231700,295318,-63618
122900,137824,-14924
218200,225172,-6972
397000,495077,-98077
260300,175202,85098
435700,371062,64638
164000,159342,4658
440500,326842,113658
85400,93042,-7643
101900,100238,1662
159400,262385,-102985
190300,275235,-84935
100000,81565,18435
139600,149063,-9463
500001,500001,0
154500,253410,-98910
170500,178238,-7738
110600,102713,7887
191200,297862,-106662
287200,380730,-93530
150100,139378,10722
238300,240915,-2615
154200,178897,-24697
280500,242079,38421
161900,171758,-9858
265600,299031,-33431
122700,133920,-11220
231200,238081,-6881
319100,268688,50412
231300,228650,2650
500001,472792,27209
121200,125155,-3955
222500,227656,-5156
450000,296837,153163
102100,99887,2213
201200,189669,11531
104200,124174,-19974
500001,499696,305
132000,138198,-6198
221100,208455,12645
151600,148182,3418
146900,161780,-14880
151200,169615,-18415
165100,169172,-4072
213600,304306,-90706
213500,237741,-24241
500001,431270,68731
438000,390667,47333
183800,184906,-1106
350000,393912,-43912
159300,152299,7001
129100,123094,6006
76600,64971,11629
225000,202277,22723
230800,200139,30661
431800,420707,11093
191000,335912,-144912
84700,98894,-14194
152500,154705,-2205
67600,61631,5969
198200,210226,-12026
306300,215687,90613
122100,125008,-2908
276100,206483,69617
103000,106489,-3489
409100,292269,116831
135200,145376,-10176
121600,172929,-51329
182800,168705,14095
228000,245800,-17800
110000,105185,4815
111200,109029,2171
84700,69474,15226
447300,440940,6360
88300,100814,-12514
87100,79353,7747
187500,199693,-12193
146900,167756,-20856
103100,109980,-6880
343700,363099,-19399
98200,118048,-19848
262500,180863,81637
77400,96540,-19140
135100,156282,-21182
134700,139065,-4365
231300,144091,87209
158600,184531,-25931
101600,107019,-5419
122000,144379,-22379
380000,367619,12381
189400,162436,26964
440000,305437,134563
70000,78516,-8516
70000,65846,4154
333500,331489,2011
101800,122172,-20372
500001,499636,365
360500,328709,31791
169500,192416,-22916
205600,174702,30898
166300,186290,-19989
32500,94020,-61520
362700,287889,74811
174500,156297,18203
197600,189498,8102
183000,226386,-43385
158300,178234,-19934
100200,124649,-24449
87500,103348,-15848
461100,373090,88010
190200,254688,-64488
232300,211294,21006
221600,245346,-23746
226900,201590,25310
224200,233034,-8834
119800,127290,-7490
78200,88517,-10317
165100,143510,21590
213900,454099,-240199
69700,81137,-11437
105800,118027,-12227
75000,111846,-36846
91700,159287,-67587
269500,288225,-18725
68200,68589,-389
165800,184565,-18765
154600,216520,-61920
472700,398472,74228
345900,383257,-37357
230700,246017,-15317
300000,236172,63828
249400,190111,59289
435700,424337,11363
225800,274386,-48586
175000,146997,28003
178400,141667,36733
276000,200517,75483
115900,119202,-3302
214300,187878,26422
118300,103231,15069
500001,323912,176089
152100,160180,-8081
140400,159078,-18678
222600,223003,-403
444500,323716,120784
500000,394536,105464
163300,134298,29002
193800,232005,-38205
90500,96640,-6140
115200,116564,-1364
147000,141968,5032
273900,246399,27501
190900,197514,-6614
74800,68855,5945
500001,280527,219474
118500,125768,-7268
500001,251111,248890
55000,199998,-144998
58400,77933,-19533
95800,141969,-46169
99200,115214,-16014
167400,211997,-44597
70500,78325,-7825
67500,81643,-14143
75700,88348,-12648
183000,175293,7707
500001,500001,0
97300,101303,-4003
230000,285286,-55286
82900,91517,-8617
52200,66534,-14334
114800,126683,-11883
88000,103473,-15473
224200,190440,33760
150000,155541,-5541
341700,348677,-6977
181700,232735,-51035
140600,204627,-64027
72700,83187,-10487
210900,206421,4479
97700,128523,-30823
109700,116674,-6974
165600,226916,-61316
230600,247533,-16933
163800,181034,-17234
95800,81797,14003
48100,81179,-33079
44400,53340,-8940
237900,217881,20019
284800,369821,-85021
164800,136165,28635
200000,157935,42065
77800,80753,-2953
186000,188879,-2879
169700,164435,5265
418800,258630,160170
73300,111596,-38296
87000,104162,-17162
168200,199960,-31760
154300,166274,-11974
225000,368558,-143558
333000,304669,28331
225900,245764,-19864
138100,149728,-11628
112700,113557,-857
231600,237548,-5948
419100,270362,148738
221100,201211,19889
155400,191393,-35993
151700,160069,-8369
248900,280571,-31671
153200,115335,37865
126500,125414,1086
240000,296175,-56175
186100,193111,-7011
500001,360345,139656
181600,196186,-14586
178100,249612,-71512
69200,95235,-26035
66800,74639,-7839
500001,494676,5325
181300,203465,-22165
396400,458626,-62226
187500,242095,-54595
297900,271180,26720
345400,379653,-34253
245100,251450,-6350
105500,107167,-1667
101100,82157,18943
141700,206413,-64713
430900,378220,52680
286300,263981,22319
113000,103472,9528
466700,366860,99840
168600,176107,-7507
360500,329424,31076
256400,276843,-20443
113900,167011,-53111
350400,412773,-62373
209100,227303,-18203
131500,201802,-70302
216700,285404,-68704
101300,108715,-7415
202800,221109,-18309
117600,146166,-28566
292600,265553,27047
500001,494035,5966
130300,129166,1134
92400,75921,16479
112500,113012,-512
154200,188340,-34140
104000,89036,14964
121600,182909,-61309
206300,185713,20587
108300,154838,-46538
349400,346360,3040
83300,88842,-5542
245800,270328,-24528
91500,179348,-87848
500001,499848,153
500001,355785,144216
190500,165462,25038
108300,94029,14271
89600,111054,-21454
500001,499989,12
94600,138752,-44152
67500,348647,-281147
177500,225158,-47658
261300,266415,-5115
500001,231506,268495
168400,195156,-26756
245300,269950,-24650
240000,317653,-77653
156500,115774,40726
500001,244805,255196
235600,261604,-26004
185600,186650,-1050
316700,226466,90234
118800,90777,28023
248500,262302,-13802
236500,260057,-23557
94600,82750,11850
176800,166598,10202
148600,181377,-32777
195300,179879,15421
215900,206284,9616
126600,139045,-12445
173900,207208,-33308
183000,189358,-6358
74300,110635,-36335
224700,205155,19545
101600,91613,9987
391000,321452,69548
265000,218871,46129
500001,485830,14171
186500,240550,-54050
78000,92175,-14175
80800,97501,-16701
189600,241030,-51430
199200,298835,-99635
189600,189975,-375
160000,156657,3343
375300,354499,20801
166700,134066,32634
215600,232860,-17260
228600,213818,14782
171300,189655,-18355
431000,402423,28577
275100,250668,24432
276800,262776,14024
46300,57046,-10746
144000,145293,-1293
94300,71801,22499
157600,146081,11519
194500,241467,-46967
351100,230429,120671
453400,346948,106452
224600,208287,16313
155600,163114,-7514
242000,467491,-225491
70000,94721,-24721
71300,107396,-36096
66800,89710,-22910
153100,224093,-70993
137500,174443,-36943
230400,238243,-7843
242200,271489,-29289
301900,235044,66856
415800,321564,94236
156500,164525,-8025
78600,80102,-1502
441400,372853,68547
184300,199853,-15553
276500,348719,-72219
232800,192334,40466
60400,96518,-36118
224100,231460,-7360
439000,331621,107379
123100,105561,17539
255700,290502,-34802
57600,74840,-17240
199800,206672,-6872
51300,59008,-7708
348200,317219,30981
362800,375098,-12298
240300,260228,-19928
73600,68949,4651
172600,198465,-25865
229000,252210,-23210
166300,165094,1206
83300,108316,-25016
500001,498171,1830
332900,300327,32573
54300,57830,-3530
241700,332462,-90762
387500,374744,12756
136400,198025,-61625
98300,187003,-88703
176000,234893,-58893
63000,68044,-5044
236900,273359,-36459
97200,150245,-53045
220000,217613,2387
105800,124038,-18238
270900,261180,9720
99400,98827,573
166300,183519,-17219
143800,153896,-10096
140600,135994,4606
330900,314288,16612
156900,237224,-80324
500001,413667,86334
162500,195298,-32798
124800,152332,-27532
216100,137583,78517
171400,189691,-18291
325600,306809,18791
109800,121190,-11390
276200,258811,17389
129900,143477,-13577
292300,251166,41134
341500,342483,-983
66800,72597,-5797
238800,195822,42978
77400,117874,-40474
82400,87231,-4831
359900,367515,-7615
465700,442695,23005
214000,211193,2807
107100,95987,11113
157800,171350,-13550
119300,177184,-57884
232900,254264,-21364
179500,202386,-22886
70100,78187,-8087
55000,147806,-92806
65900,67308,-1408
99600,96744,2856
500001,456742,43259
164100,223186,-59086
77000,98774,-21774
140300,142769,-2469
172900,150226,22674
500001,340961,159040
314300,226291,88009
500001,424155,75846
500001,500001,0
143000,163092,-20092
280600,272457,8143
375000,288912,86088
137500,170282,-32782
337100,317102,19998
128000,158170,-30170
185400,181327,4073
63000,73955,-10955
109500,148544,-39044
400000,226659,173341
151900,283710,-131810
56300,65133,-8833
102500,78675,23825
225000,290234,-65234
145500,172919,-27419
363100,273489,89611
249000,232930,16070
415300,374780,40520
267400,194274,73126
75000,76082,-1082
250000,281959,-31959
161800,151750,10050
97500,96381,1119
111500,141822,-30322
87300,88425,-1125
272900,357647,-84747
124400,114969,9431
228700,320292,-91592
229500,221493,8007
162500,158180,4320
80000,134489,-54489
118800,118949,-149
244200,314582,-70382
187500,191164,-3664
246000,224218,21782
102600,98405,4195
116700,92622,24078
137500,177994,-40494
171900,355675,-183775
103100,113268,-10169
239100,254148,-15048
194000,206403,-12403
219900,240325,-20425
380000,439905,-59905
155700,160122,-4423
89900,90516,-616
89300,128266,-38966
55000,94573,-39573
49800,52796,-2996
146400,155091,-8691
278000,302815,-24815
288700,336540,-47840
129200,159142,-29942
221600,237306,-15706
85600,202967,-117367
160400,149537,10863
57600,71852,-14252
348500,368007,-19507
199400,260242,-60842
97100,111552,-14452
58100,68307,-10207
301000,319662,-18662
74200,143656,-69456
249400,354240,-104840
267000,277096,-10096
119900,119610,290
77700,75975,1725
143400,121732,21668
61200,65898,-4698
206800,167372,39428
328200,287141,41059
360600,313618,46982
107800,115982,-8182
51500,54216,-2716
67500,118956,-51456
184100,160864,23236
200000,149588,50412
354000,192798,161202
393800,316766,77034
132100,138319,-6219
306500,276823,29677
134900,137667,-2767
319300,340140,-20840
303900,279485,24415
350000,149730,200270
231200,253645,-22445
131300,142586,-11286
120800,125671,-4871
135200,113881,21319
68900,94170,-25270
425000,221392,203608
160500,194163,-33663
151000,161596,-10596
349500,444183,-94683
60200,68254,-8054
396400,331720,64680
278500,347627,-69127
239300,190583,48717
224900,239028,-14127
91300,110666,-19366
111400,135669,-24269
150800,117359,33441
64700,59132,5568
358800,330340,28460
232800,188681,44119
54400,73830,-19430
98200,102005,-3805
225800,197790,28010
116100,127395,-11295
196400,230532,-34132
123200,76091,47109
156400,263375,-106975
166800,179363,-12563
215900,209614,6286
117300,158868,-41569
243200,204612,38588
72900,101882,-28982
191700,191625,75
60000,239539,-179539
195400,188759,6641
111600,127755,-16155
268500,251496,17004
260000,256183,3817
89400,117166,-27766
235200,355989,-120789
386100,302394,83706
187500,179933,7567
223400,213740,9660
120300,146854,-26554
135800,134175,1625
307400,280148,27252
326800,231979,94821
70300,123966,-53666
68200,84340,-16140
114600,124929,-10329
177200,214608,-37408
81900,109104,-27204
90600,124125,-33525
56800,66043,-9243
323800,335700,-11900
244400,155030,89370
144300,161638,-17338
164200,162282,1917
237600,245996,-8396
243000,239016,3984
83300,113501,-30201
87500,131046,-43546
131700,141905,-10205
47000,59226,-12226
195300,171615,23685
184100,211226,-27126
128800,109100,19700
118200,103596,14603
212800,174286,38514
141300,144006,-2706
227100,191340,35760
80800,197027,-116227
201300,215602,-14302
183300,196975,-13675
155000,162838,-7838
143800,173595,-29795
137500,252163,-114663
280100,221669,58431
245900,240869,5031
243600,237774,5826
103000,152867,-49867
103800,106479,-2679
235900,209375,26525
161900,219734,-57834
394400,390599,3801
145800,73048,72752
184800,176833,7967
242300,252995,-10695
335500,236158,99342
165500,129614,35886
204800,351562,-146762
159700,144085,15615
169100,162286,6815
478600,240029,238571
258900,235962,22938
324000,337946,-13946
103100,91355,11745
138100,171190,-33090
91600,97064,-5464
228900,311889,-82989
138800,136385,2415
252200,237818,14382
420300,428130,-7830
243600,246288,-2688
142100,145080,-2980
67500,67825,-325
92800,106020,-13220
190800,224990,-34190
223900,218141,5759
143400,174559,-31159
132700,121835,10865
99000,93694,5306
67700,74190,-6490
227400,247952,-20552
228600,261940,-33340
135800,132781,3019
362100,373568,-11468
281300,322642,-41342
500001,500001,0
90600,136269,-45669
66300,83387,-17087
150200,150418,-218
170300,165847,4453
99300,109250,-9950
322900,431592,-108692
213200,174585,38615
217000,242631,-25631
267900,198096,69804
206300,202117,4183
376800,297170,79630
87500,83647,3853
304700,251531,53169
460200,370006,90194
128500,113624,14876
284600,350834,-66234
119600,145751,-26151
208600,227059,-18459
117500,218120,-100620
66900,65275,1625
204800,177551,27249
74600,150448,-75848
109100,110508,-1408
114300,139577,-25277
308300,276300,32000
113000,128293,-15293
91700,90029,1671
134200,116272,17929
425000,411856,13144
53900,58060,-4160
310600,213476,97124
241700,407331,-165631
226800,225730,1070
100800,133004,-32204
238000,228094,9906
245500,220279,25221
156500,160547,-4047
115600,132791,-17191
66400,71270,-4870
58800,62101,-3301
223600,197047,26553
169300,152743,16557
166700,154760,11940
225000,232198,-7198
72600,77876,-5276
160300,159606,694
147500,122690,24811
91200,159059,-67859
208300,151959,56341
335300,336460,-1160
58000,90285,-32285
226500,197084,29416
345200,350804,-5604
106800,86593,20207
500001,198177,301824
275000,281160,-6160
95800,110645,-14845
97200,141826,-44626
155000,142940,12060
400000,352926,47074
500001,344170,155831
304300,271620,32680
359200,345871,13329
144700,161176,-16476
352800,276684,76116
355600,333291,22309
99100,125817,-26717
250400,246760,3640
105600,113249,-7649
500001,475634,24367
162000,181865,-19865
272200,295286,-23086
245900,287657,-41757
183300,202030,-18730
220700,275354,-54654
161000,186280,-25280
303900,358351,-54451
266200,246335,19865
90100,96271,-6171
87500,158886,-71386
209400,160150,49250
188700,224770,-36070
101400,109458,-8058
387500,357487,30013
359100,326602,32498
327300,332739,-5439
279200,279131,69
233600,248505,-14905
163500,236411,-72911
124200,196422,-72222
450000,408231,41769
111900,112911,-1011
90800,104147,-13347
120600,159116,-38516
483800,486787,-2987
366700,339907,26793
201000,221634,-20634
333600,325446,8154
362500,203280,159220
170100,160120,9980
246700,278556,-31856
161200,167874,-6674
147000,128428,18572
117900,147896,-29996
111300,125451,-14151
266500,249452,17048
113500,114206,-706
329100,346294,-17194
500001,489827,10174
236500,196566,39934
122200,106234,15966
81900,92414,-10514
386400,339882,46518
184800,185379,-579
160700,191059,-30359
101600,102068,-468
424000,426130,-2130
262500,227852,34648
369400,319883,49517
115100,144585,-29485
281700,205858,75842
98100,119790,-21690
131100,141446,-10346
251800,220776,31024
232700,236804,-4104
139200,131420,7780
71500,81875,-10375
340500,327617,12883
270800,232504,38296
155600,178377,-22777
89200,82962,6238
167000,167809,-809
103100,125598,-22498
180500,157386,23114
51200,63700,-12500
204600,210047,-5447
387200,209796,177404
162500,132360,30140
120400,130937,-10537
139700,183054,-43354
98200,90394,7806
269400,248217,21183
269100,269702,-602
500001,358996,141005
49600,75829,-26229
58000,84606,-26607
65900,69845,-3945
175400,189828,-14428
391800,361449,30351
280800,281196,-396
90700,149068,-58368
500001,499238,763
92300,105984,-13684
227100,225416,1683
162500,139360,23140
290900,282691,8209
183100,165197,17903
283200,300939,-17739
177400,310637,-133237
238700,281983,-43283
321300,309182,12118
261500,277656,-16156
99300,123555,-24255
226100,216757,9343
51700,50085,1615
156900,152097,4803
160900,166850,-5950
222400,287369,-64969
305200,259208,45992
138800,145998,-7198
230700,232377,-1677
94300,94154,146
97200,105497,-8297
382100,329270,52830
193200,230523,-37323
209500,201525,7975
231400,169004,62396
89300,115661,-26361
196100,198799,-2699
113500,115851,-2351
178400,222451,-44051
406500,353195,53305
228200,230258,-2058
234800,247481,-12681
231300,199315,31985
500001,417329,82672
184100,169617,14483
213700,230712,-17012
500001,474928,25073
169200,193960,-24760
232400,250982,-18582
351700,412376,-60676
234600,188827,45773
112500,229131,-116631
145200,146716,-1516
87200,95840,-8640
53500,103553,-50053
43800,63590,-19790
94200,94278,-78
218800,170039,48761
191900,196490,-4590
132200,381791,-249591
46800,51765,-4965
149700,202846,-53146
126300,126729,-429
255900,248192,7708
94500,93507,993
237100,233524,3576
500001,486238,13763
87500,110013,-22513
126600,106364,20236
245100,234098,11002
157400,221137,-63737
78400,82079,-3679
218100,238648,-20548
350000,283584,66416
198400,182778,15622
143900,146888,-2987
337900,369588,-31688
76300,96535,-20235
160100,192199,-32099
130600,135310,-4710
112500,122052,-9552
329200,254954,74246
233300,220469,12831
99200,109926,-10726
197900,187533,10367
204100,228664,-24564
350000,283860,66140
62100,59486,2614
140400,179237,-38837
152100,242557,-90457
130500,97898,32602
195100,230412,-35312
199500,221297,-21797
137500,106561,30939
275000,200800,74200
122900,166276,-43376
109000,179630,-70630
121700,107647,14053
302000,320404,-18404
241700,227084,14616
153200,160327,-7127
169300,403374,-234074
358500,383720,-25220
175000,174724,276
112500,137797,-25297
376000,386209,-10209
118800,118848,-48
401000,416166,-15166
107900,101271,6629
339700,325461,14239
158000,168827,-10827
468800,401559,67241
63100,58470,4630
184600,197805,-13205
189700,232136,-42436
190900,249162,-58262
67500,136050,-68550
85300,98631,-13331
173600,161793,11807
129700,119382,10318
181000,255603,-74603
500001,493718,6283
376200,402018,-25818
243000,252663,-9663
148200,135358,12842
238100,252314,-14214
450000,354165,95835
240000,253639,-13639
500001,242915,257086
274100,278814,-4714
190100,227476,-37376
268400,266151,2249
349300,249813,99487
275700,285138,-9438
182800,228409,-45609
500001,497608,2393
213200,234973,-21773
179500,189317,-9817
138500,157082,-18582
181300,174981,6319
340500,346962,-6462
225000,187800,37200
68300,118688,-50388
237900,255097,-17197
149700,141662,8038
125800,132508,-6708
87600,212219,-124619
125000,143150,-18150
168800,119854,48946
135000,134705,295
86300,97748,-11449
64900,102779,-37879
106300,253841,-147541
285700,282381,3319
272400,268089,4311
217700,233723,-16023
91800,103445,-11645
163000,170166,-7166
195100,190175,4925
32500,112543,-80043
275300,162842,112458
136900,138585,-1685
194100,161308,32792
230200,278701,-48501
143600,152337,-8737
39600,79896,-40296
59800,66930,-7130
210700,220958,-10258
156300,104904,51396
215600,233136,-17536
177500,199569,-22069
218900,233384,-14484
128400,125979,2421
190600,187276,3324
398300,403405,-5105
367100,187044,180056
122500,195146,-72646
376100,167112,208988
157600,149694,7906
178100,173653,4447
72400,75485,-3085
287600,243140,44460
175000,139421,35579
280800,215517,65283
160500,175939,-15439
158600,145697,12903
144300,177068,-32768
136300,140011,-3711
218200,223862,-5662
466400,413093,53307
386100,472240,-86140
251200,238139,13061
190400,182872,7528
223100,275770,-52670
361000,255904,105096
275000,136401,138599
70800,117509,-46709
460000,353067,106933
67500,95538,-28038
225000,129939,95061
176100,181005,-4905
52400,61856,-9456
167600,172488,-4888
99700,120502,-20802
88900,108153,-19253
223700,231808,-8108
180500,204930,-24430
93200,106545,-13345
173800,176187,-2387
490800,427576,63224
104200,105155,-955
276100,220719,55381
254700,256661,-1961
212300,224056,-11756
87500,107793,-20293
94200,85148,9052
163500,199376,-35876
500001,291255,208746
125000,188111,-63111
182300,172334,9966
111700,135492,-23792
146000,184918,-38918
500001,475475,24526
320500,264943,55557
48000,57078,-9078
168800,236236,-67436
67500,77155,-9655
173100,161200,11900
150000,87270,62730
329200,332117,-2917
141000,149056,-8056
378000,368088,9912
80200,67739,12461
203300,219780,-16480
394900,411938,-17038
84500,92381,-7881
327300,335282,-7982
201200,187661,13539
162500,255508,-93008
266000,287984,-21984
221200,220001,1199
176500,189449,-12949
206300,171053,35247
500001,419359,80642
186700,204538,-17838
112500,182496,-69996
90500,84654,5846
190800,202208,-11408
198800,145204,53596
165600,211012,-45412
500001,473773,26228
145700,159070,-13370
91300,105226,-13926
140400,154675,-14275
191700,194300,-2600
61100,69498,-8398
153000,110167,42833
85500,81255,4245
164500,183210,-18710
386200,360098,26102
341300,350970,-9670
246400,267324,-20924
121800,145155,-23355
132500,173988,-41488
98000,105323,-7323
241400,189192,52208
171300,179573,-8273
120100,137863,-17763
500001,499994,7
192700,197542,-4842
232800,188287,44513
191800,205171,-13371
196300,188767,7533
293900,305078,-11178
84600,92975,-8375
500001,470750,29251
500001,426251,73750
107300,163756,-56456
150000,219857,-69857
204200,184249,19951
268300,227713,40587
103500,111858,-8358
161500,156269,5231
222400,193086,29314
166900,166723,177
229200,252541,-23341
205900,187660,18240
95500,66396,29103
162500,179757,-17257
240700,256541,-15841
82800,114977,-32177
230200,168806,61394
185900,175691,10209
105800,118722,-12922
118800,121685,-2885
194400,193473,927
183300,156387,26913
292500,194981,97519
144200,139109,5091
500001,326069,173932
134200,203337,-69137
52800,51292,1508
188700,190129,-1429
204000,226574,-22574
179500,192507,-13007
98900,91490,7410
279900,237182,42718
327700,295450,32250
208000,199789,8211
208300,202981,5319
112500,244372,-131872
234700,293757,-59057
214500,189449,25051
338500,383406,-44906
500001,500001,0
284100,256518,27582
500001,403592,96409
181300,174439,6861
125000,126650,-1650
412500,310909,101591
112500,109995,2505
90300,64226,26074
96000,116615,-20615
142500,179728,-37228
266300,246831,19469
165000,165683,-683
118000,138225,-20225
156400,191750,-35350
426800,486030,-59230
308600,311516,-2916
239200,143052,96148
109400,121651,-12251
66600,77272,-10672
368500,347039,21461
330500,304341,26159
273600,276180,-2580
500001,500001,0
321100,354251,-33151
242600,186005,56595
231900,294742,-62842
151400,170997,-19597
227800,202836,24964
380000,374232,5768
95200,194640,-99440
193900,175739,18161
260700,229926,30774
191000,165509,25491
64900,66718,-1818
128300,149364,-21064
189800,342847,-153047
183300,181708,1591
151800,117440,34360
257300,198954,58346
137500,98378,39122
125000,101593,23407
218100,176730,41370
168100,173923,-5823
231800,152217,79583
149000,122561,26439
170300,217242,-46942
391300,286129,105171
282300,357354,-75054
500001,449869,50132
135400,161983,-26583
328400,264459,63941
350000,233899,116101
182300,235443,-53143
500001,499411,590
192000,174865,17135
240800,244679,-3879
175000,214855,-39855
126400,116853,9547
125900,141919,-16019
194700,230107,-35407
341800,395280,-53480
211900,188091,23809
137500,77958,59542
270600,327433,-56833
172300,170232,2068
262100,205850,56250
149100,165780,-16680
339100,218303,120797
248600,227256,21344
128700,199293,-70593
343900,237554,106346
175000,163014,11986
287500,317939,-30439
143600,161147,-17547
346200,279278,66922
232200,278281,-46081
200000,188231,11769
241500,271757,-30257
67500,80117,-12617
191700,180437,11263
178300,215307,-37007
178200,157882,20318
133200,122326,10874
273800,279286,-5486
152200,157191,-4991
187100,198594,-11494
137500,157868,-20368
110400,126883,-16482
240600,221194,19406
162500,153276,9224
83800,125277,-41477
265600,232278,33322
211500,216530,-5030
173400,241052,-67652
310000,285909,24091
99500,95601,3899
191400,190475,925
220100,196773,23327
167300,190049,-22749
65000,65600,-601
141800,157268,-15468
290600,290972,-372
319200,312587,6613
118800,120270,-1470
200000,213104,-13104
219500,222070,-2570
289400,263542,25858
116400,121641,-5241
162300,157442,4858
114100,134859,-20759
71300,78270,-6970
190500,178031,12469
197300,196665,635
72200,69967,2233
103300,150116,-46816
143000,100537,42463
244900,237682,7218
500001,406619,93382
183300,128184,55116
86100,154974,-68874
218400,245254,-26854
110800,106223,4577
211300,205228,6072
338800,316677,22123
123100,147939,-24839
269500,149284,120216
321400,295802,25598
81900,95063,-13163
500001,493626,6375
304600,382801,-78201
72900,99842,-26942
158000,144872,13128
62200,69626,-7426
116300,97586,18714
314100,157584,156516
362500,275161,87339
500001,470520,29481
74100,103765,-29665
150000,133829,16171
270000,243939,26061
120800,124470,-3670
250000,227672,22328
72200,78550,-6350
375000,283361,91639
239600,256847,-17247
183300,223771,-40471
161200,169718,-8518
251000,239622,11378
45500,71687,-26187
178100,208493,-30393
258900,263289,-4389
145800,150650,-4850
84700,92870,-8170
216700,178131,38569
130400,139260,-8860
158500,161043,-2543
117800,128985,-11185
215000,227903,-12903
268600,267977,623
100000,97705,2295
332700,446655,-113955
186700,177713,8987
53000,57920,-4920
149700,163313,-13613
345800,313487,32313
124500,141844,-17344
475800,491515,-15715
500001,379669,120332
500001,500001,0
175900,170463,5437
183300,242622,-59322
253100,328583,-75483
117800,122204,-4404
143500,151742,-8242
500001,348353,151648
142300,117145,25155
121000,138756,-17756
268800,307129,-38329
330200,349833,-19633
121800,150427,-28627
416900,366024,50876
266700,311016,-44316
189400,200279,-10879
443600,322965,120635
163000,168622,-5622
382500,305818,76682
106300,137685,-31385
57800,82289,-24489
57500,78046,-20546
238000,276324,-38324
218900,226107,-7207
118600,123425,-4825
309100,357469,-48369
213200,201979,11221
180200,186227,-6027
470800,384390,86410
337200,197026,140174
95300,106914,-11615
103900,127870,-23970
500001,261629,238372
215000,198529,16471
189400,229728,-40328
171400,160477,10923
357000,341797,15203
196200,200920,-4720
98500,102080,-3580
178800,206786,-27986
226600,275144,-48544
171400,195381,-23981
271400,240271,31129
216800,257726,-40926
67900,97361,-29461
171300,166942,4358
110900,135302,-24401
332500,257543,74957
150000,139627,10373
173400,249554,-76154
237500,250807,-13307
65800,70364,-4564
173100,188211,-15111
321200,334306,-13106
265000,369703,-104703
87500,92436,-4936
210300,228430,-18130
247800,264744,-16944
375700,412209,-36509
113700,126674,-12974
500001,405777,94224
45600,50809,-5209
130600,119213,11387
198600,210054,-11454
436700,436164,536
92600,116737,-24137
150000,145193,4807
359900,269938,89962
500001,491379,8622
93800,155636,-61836
383300,379656,3644
191700,155484,36216
267200,246314,20886
280200,237426,42774
52100,54849,-2749
110200,114469,-4269
164600,119799,44800
324800,353101,-28301
122700,140083,-17383
216700,248327,-31627
73600,107260,-33660
254100,255313,-1213
187500,153765,33735
166000,221858,-55858
157900,167164,-9264
193800,219108,-25308
140800,128147,12653
95300,85475,9825
227000,262380,-35380
265600,271181,-5581
90200,114993,-24793
183200,188814,-5614
184600,182594,2006
162500,191134,-28634
125000,165186,-40186
97200,130888,-33688
355300,281921,73379
136200,134415,1785
125000,162192,-37192
305600,296057,9543
176600,148802,27799
348600,306242,42358
299200,232247,66953
72100,186979,-114879
109500,162680,-53180
281100,312880,-31780
156300,190739,-34439
234200,243435,-9235
59700,68923,-9223
250000,288175,-38175
203300,270244,-66944
173100,203183,-30083
300300,278334,21966
238000,227834,10166
179000,168460,10540
166000,188173,-22173
160700,187501,-26801
147500,158844,-11345
192100,193430,-1330
56400,50461,5939
304800,325485,-20685
439800,394117,45683
137500,123767,13733
137500,112413,25087
134600,156447,-21847
262500,255315,7185
83400,97001,-13601
113500,96779,16721
71400,91830,-20430
204500,210082,-5582
282400,327224,-44824
145700,161044,-15344
264700,279700,-15000
275000,266845,8155
171600,167131,4469
216700,216361,339
180700,222471,-41771
212500,102697,109803
167700,270258,-102558
42500,49258,-6758
238400,244175,-5775
144000,87750,56250
43600,50744,-7144
363500,247075,116425
186200,221493,-35293
67500,65438,2062
159600,262332,-102731
195600,203696,-8096
154800,188159,-33359
450700,454647,-3947
69900,64603,5297
132200,139865,-7665
328000,373216,-45216
272800,275976,-3176
66300,132398,-66098
129300,141471,-12171
77100,83651,-6551
155500,164728,-9228
126000,148167,-22167
240300,196246,44054
133000,134538,-1538
94900,117856,-22956
203900,269299,-65399
61000,78173,-17173
139200,135086,4114
229200,215302,13898
260600,357359,-96759
251100,267637,-16537
327600,229174,98426
167900,193991,-26091
212000,218091,-6091
233300,214703,18597
255400,283546,-28146
67500,95254,-27754
162000,255543,-93543
117200,126092,-8892
109700,128781,-19081
275000,97383,177617
111800,136329,-24529
166000,175795,-9795
92700,90359,2341
186000,195236,-9236
97300,121038,-23738
241300,286357,-45057
258500,251450,7050
138200,167323,-29123
196100,280383,-84283
419200,467342,-48142
138800,147896,-9097
376600,480159,-103559
165100,169216,-4116
181800,173453,8347
211800,172215,39585
112500,146006,-33506
144300,126763,17537
222000,241750,-19750
53600,68098,-14498
130800,141774,-10974
227600,299433,-71833
275000,267205,7795
191900,194092,-2192
64100,69815,-5715
68100,97752,-29652
255200,245921,9279
244100,259669,-15569
337000,275401,61599
208300,171226,37074
500001,487642,12359
172100,175736,-3636
128900,79164,49736
144900,103311,41589
72000,70004,1996
142900,158952,-16052
436100,304967,131133
204200,180363,23837
195700,237328,-41628
90500,114695,-24195
236100,186104,49996
186900,190516,-3616
162500,190087,-27587
112500,143644,-31144
58000,56021,1979
307400,401117,-93717
353800,455314,-101514
290900,280460,10440
358600,337794,20806
246200,210941,35259
72100,125083,-52983
107500,123228,-15728
78600,76744,1856
187600,182693,4907
97900,129180,-31280
186600,231719,-45119
196900,209461,-12561
111500,94471,17029
156300,182737,-26437
218200,274576,-56376
293500,458294,-164794
59000,102976,-43976
162800,141815,20985
102900,104022,-1122
54300,104823,-50523
166300,146814,19486
152500,196104,-43604
142600,192555,-49955
150000,139361,10639
84400,86107,-1707
210000,195042,14958
137500,142772,-5272
350000,300441,49559
171900,134032,37868
143100,154694,-11594
452300,382679,69621
176000,164518,11482
112700,119087,-6387
68400,80173,-11773
190700,183008,7692
331800,410338,-78538
184000,200978,-16978
162500,131166,31334
129400,152988,-23588
172800,150581,22219
191100,193082,-1982
294900,302554,-7654
188600,188046,554
63800,131865,-68065
466100,462139,3961
186800,201909,-15109
139300,141586,-2286
330300,238164,92136
284800,297379,-12579
198800,198189,611
69300,84761,-15461
145500,148843,-3343
166200,175004,-8804
273800,253216,20584
149000,141333,7667
215400,222668,-7268
287800,372742,-84942
406300,255850,150450
160300,151125,9175
240000,310681,-70681
60900,93204,-32305
142300,147181,-4881
84800,104425,-19625
205400,202606,2794
396800,367596,29204
135400,190307,-54907
115400,142446,-27046
162500,288198,-125698
425000,247704,177296
114300,96808,17492
500001,496114,3887
500001,491209,8792
48700,60159,-11459
294700,301891,-7191
300500,241431,59069
343200,185724,157476
92000,160312,-68312
278100,292719,-14619
380900,415289,-34389
339800,291180,48620
96800,111087,-14287
270000,206734,63266
190000,212865,-22865
181300,187175,-5875
100600,103848,-3248
170800,150303,20497
152700,147761,4939
353600,280465,73135
200000,229922,-29922
213400,290281,-76881
153100,144162,8938
379700,277024,102676
275000,243129,31871
78600,151804,-73204
188300,236820,-48520
138000,147326,-9326
500001,489490,10511
197400,185890,11510
244600,298146,-53546
165300,161782,3518
300400,316121,-15721
88200,107246,-19046
500001,483206,16795
163100,135516,27584
191900,207070,-15170
355300,325343,29957
430300,334861,95439
42700,51806,-9106
378100,374359,3741
264000,239658,24342
111900,179012,-67112
224500,208005,16495
125000,153552,-28552
64100,81965,-17865
88400,97499,-9099
389200,362009,27191
193800,119024,74776
500001,441338,58663
187500,380107,-192607
210300,204793,5507
212800,202380,10420
177500,217639,-40139
181300,171889,9411
159500,155968,3531
177500,178848,-1348
116100,127663,-11563
500001,375841,124160
162500,155164,7336
135500,158344,-22844
99600,120254,-20654
118500,129229,-10729
156900,147459,9441
147200,152404,-5204
85800,91787,-5987
500001,340448,159553
170900,181621,-10721
257900,359656,-101756
164300,166105,-1805
438900,391938,46962
98000,106606,-8606
288700,281434,7266
203200,259668,-56468
283600,273858,9742
162500,322594,-160094
95300,98554,-3254
161700,157321,4379
187500,161274,26226
158000,169369,-11369
456100,286730,169370
102900,141840,-38940
165400,198673,-33273
54400,52183,2217
147200,148707,-1507
95000,101547,-6547
143000,248470,-105470
97200,134569,-37369
112900,121212,-8312
173300,183717,-10417
393100,283274,109826
63000,81194,-18194
297300,266556,30744
242100,203007,39093
293900,336924,-43024
113100,139693,-26593
137200,123448,13752
297100,179511,117589
243500,241023,2477
98800,85243,13557
244800,245009,-209
327800,319968,7832
437500,362946,74554
163500,162304,1196
102400,128486,-26086
112200,107634,4566
165900,222179,-56279
250000,265715,-15715
158100,175500,-17400
87500,101639,-14139
135000,140501,-5501
79500,129108,-49608
162100,144501,17599
228400,196700,31700
140600,179597,-38997
71300,170186,-98886
266300,266163,137
81300,75840,5460
185000,220122,-35122
329300,331293,-1993
168800,153204,15596
110400,149518,-39118
500001,452951,47050
85700,158917,-73217
63300,54513,8787
500001,496249,3752
183800,205434,-21633
150700,132690,18010
242900,249476,-6576
326700,256721,69979
220400,195988,24412
240700,219110,21590
500001,490640,9361
98400,113239,-14839
166900,187960,-21060
205400,200680,4720
90100,99262,-9162
189800,183288,6512
162500,142396,20104
333700,254851,78849
85100,111929,-26829
134400,125934,8466
144600,179180,-34580
215000,196733,18267
97500,123308,-25808
210000,296845,-86845
312000,299288,12712
300000,270338,29662
202400,198078,4322
254100,335225,-81125
116000,154792,-38792
167000,182654,-15654
396900,322963,73937
227000,195298,31702
500001,399232,100769
500001,478227,21774
199000,207306,-8306
369100,484399,-115299
22500,132282,-109782
95700,105428,-9728
365900,436740,-70840
215800,226280,-10480
205500,167499,38002
500001,455690,44311
250800,204357,46443
363600,388411,-24811
294200,282462,11738
171400,152178,19222
261300,214400,46900
114900,132824,-17924
258400,215706,42694
106300,82200,24100
98900,111828,-12928
242000,213036,28964
146100,171291,-25191
154600,188963,-34363
197500,223667,-26167
289600,318110,-28510
325700,228142,97558
53300,64624,-11324
87800,107991,-20191
178300,190401,-12101
197100,193291,3809
123400,148618,-25218
292900,326154,-33254
109800,132405,-22605
124200,167144,-42944
57300,54049,3251
404700,344863,59837
187500,248923,-61423
63700,78574,-14873
101200,117461,-16261
500000,475305,24695
45500,65738,-20238
463500,373003,90497
181300,249144,-67844
307400,275242,32158
371800,404548,-32748
56000,80584,-24584
289300,221232,68068
128200,160460,-32260
271400,251833,19567
182100,187625,-5525
219400,223832,-4432
78400,103633,-25233
96100,115671,-19571
394700,391540,3160
222500,224219,-1719
87500,189958,-102458
137500,152258,-14758
246100,190265,55835
175700,160895,14805
164100,166565,-2465
132800,121760,11040
129200,83233,45967
224100,194816,29284
103900,80704,23196
112800,126718,-13918
243800,273918,-30118
88600,97793,-9193
186100,251386,-65286
186100,133607,52493
160900,147614,13287
149200,147340,1860
76400,71614,4786
500001,347233,152768
95600,138073,-42473
237500,199666,37834
418300,369082,49218
197500,218599,-21099
66400,77832,-11432
269000,342230,-73230
219000,324668,-105668
156900,157654,-754
134200,156557,-22357
204200,184134,20066
218800,313364,-94564
181800,270890,-89090
168500,195319,-26819
299200,245991,53209
166000,147926,18074
193500,150061,43439
212500,251333,-38833
386200,250329,135871
268400,199768,68633
128100,234227,-106127
271200,274081,-2881
88400,109099,-20699
101500,102850,-1350
495500,371934,123566
167300,163881,3419
141300,195931,-54631
500001,500001,0
321300,343494,-22194
82100,112676,-30576
92900,114983,-22083
168000,153153,14847
135000,151143,-16143
243100,227549,15551
157100,165706,-8606
97900,116461,-18561
177700,196250,-18550
131800,138717,-6917
268800,323973,-55173
314300,217375,96925
183600,220528,-36928
100000,64652,35348
232200,238166,-5966
138100,141362,-3262
162500,148979,13521
457300,306704,150596
139200,143740,-4540
244500,258825,-14325
61600,59158,2442
237000,207858,29142
112500,145109,-32609
122300,146711,-24411
500001,264741,235260
110100,144713,-34613
300900,299279,1621
167500,143143,24357
246400,287566,-41166
279300,351661,-72361
414000,285609,128391
58700,52857,5843
294900,353211,-58311
365200,333282,31918
368300,339999,28301
239200,202542,36658
121400,170862,-49462
215000,217358,-2358
113900,125784,-11884
236400,247894,-11494
171700,184837,-13137
248500,288541,-40041
58200,65709,-7509
67800,58881,8919
75700,93164,-17464
178000,192349,-14349
60400,60639,-239
226100,314596,-88496
179500,196724,-17224
158200,189262,-31062
278600,289412,-10812
480800,387845,92955
192300,187492,4808
141700,125463,16237
330800,313380,17420
100000,101094,-1094
103200,130578,-27378
53500,57814,-4314
185700,168126,17574
192900,184562,8338
256000,279345,-23345
138500,162957,-24457
69600,101177,-31577
246800,369032,-122232
265900,295387,-29487
162500,134410,28090
322700,361048,-38348
148900,176510,-27610
429000,431696,-2696
500001,477339,22662
254100,284871,-30771
328100,329973,-1873
169100,210835,-41735
255400,242207,13193
76400,91227,-14827
151400,183411,-32011
311100,282207,28893
187500,201857,-14357
213200,216040,-2840
208300,180362,27938
202800,224016,-21216
90100,218898,-128798
92400,108499,-16099
136500,104214,32286
92200,108223,-16023
79400,77487,1913
95500,101552,-6052
249200,229277,19923
111700,128108,-16409
190600,168681,21919
191800,228817,-37017
500001,434967,65034
50800,71943,-21143
163500,115576,47924
368900,401214,-32314
57000,67039,-10039
75000,108067,-33067
229000,255791,-26791
340900,352463,-11563
276600,285821,-9221
188400,192537,-4137
73900,71584,2316
150000,205207,-55207
147100,149173,-2073
186300,178672,7628
234900,225253,9647
122500,133193,-10693
398900,326204,72696
250000,335667,-85667
113600,150367,-36767
244800,262691,-17891
225000,212000,13000
186900,272505,-85605
309700,332129,-22429
130600,148291,-17691
342300,274942,67358
65000,71563,-6563
278900,224019,54881
168800,227646,-58846
418400,378777,39623
109000,132720,-23720
160100,179104,-19004
345000,335576,9424
418800,349511,69289
209100,222982,-13882
97500,115665,-18165
500001,486037,13964
108600,88037,20563
133300,172470,-39170
50900,59857,-8957
311600,317370,-5770
365500,339326,26174
175000,242037,-67037
170300,151573,18727
279500,239878,39622
125900,149059,-23159
155700,160825,-5125
83300,89481,-6181
156300,222050,-65750
214800,270350,-55550
110300,78988,31312
165000,99805,65195
349500,358750,-9250
500001,500001,0
125700,124567,1133
193100,232394,-39294
500001,499249,752
199600,233925,-34325
500001,358211,141790
163400,195493,-32093
137500,149003,-11503
121500,140947,-19447
381200,350003,31197
111900,156851,-44951
58000,84423,-26423
63800,100179,-36379
363200,311191,52009
206400,181059,25341
370800,261666,109134
81800,89537,-7737
271500,246635,24865
197000,222564,-25564
73400,105710,-32310
301700,331635,-29935
119600,174998,-55398
258100,222264,35836
17500,316884,-299384
145700,174317,-28617
102000,100639,1361
400000,388405,11595
99200,94417,4783
485400,400510,84890
477100,474425,2675
66900,60887,6013
375400,454246,-78846
169600,216944,-47344
247600,252186,-4586
164700,171826,-7126
309400,305743,3657
185300,180308,4992
230200,242077,-11877
156100,158123,-2023
302500,316279,-13779
97800,118763,-20963
251300,280426,-29126
281300,278494,2806
153100,126073,27027
355600,390379,-34779
101300,113534,-12234
266000,219557,46443
160700,147943,12757
305800,296388,9412
147500,157248,-9748
186300,180012,6288
162600,168077,-5477
484700,391506,93194
175000,202552,-27552
127200,125458,1742
365100,293767,71333
236500,185757,50743
214000,204593,9407
225800,284199,-58399
128900,130729,-1829
73500,145488,-71988
114700,167366,-52666
175000,196681,-21681
318100,222303,95797
331200,322900,8300
192500,252706,-60206
159500,142467,17033
162700,171480,-8780
67300,96820,-29520
212900,175247,37653
140600,160092,-19492
186500,143589,42911
393200,393897,-697
55300,69555,-14255
409800,357860,51940
191800,194065,-2265
99500,125841,-26341
175000,183638,-8638
158000,158341,-341
106900,127187,-20287
277200,244449,32751
326700,311825,14875
96000,69308,26692
431800,497662,-65862
172200,188804,-16604
112500,135616,-23116
225000,109474,115526
259500,220581,38919
291500,288250,3250
50400,65722,-15322
150000,270701,-120701
224600,250320,-25720
130600,140113,-9513
69700,81870,-12170
353000,265631,87369
231200,265565,-34365
205100,185567,19533
398100,385407,12693
141300,156424,-15124
173300,146590,26710
127900,122689,5211
289500,203214,86286
95900,107408,-11508
133400,153029,-19629
146800,168989,-22189
181300,222780,-41480
54600,79574,-24974
55500,58159,-2659
150000,174116,-24116
102800,106503,-3703
93300,104470,-11170
123100,135706,-12606
231800,147430,84370
159500,165020,-5519
108300,113864,-5564
43100,49164,-6064
105600,91486,14114
168300,163156,5144
28300,145399,-117099
282900,258920,23981
234300,199062,35238
212500,107508,104992
205600,206219,-619
150000,199406,-49406
193000,182230,10770
14999,247741,-232742
170000,166581,3419
168300,171940,-3640
93500,117743,-24243
191800,214325,-22525
181500,232867,-51367
195400,202596,-7196
121900,162530,-40630
142600,187948,-45348
158300,140384,17916
165300,140954,24347
155000,145194,9806
92100,107842,-15742
68100,62776,5324
276300,261743,14557
335200,395617,-60417
121100,121306,-206
177100,163676,13424
187500,181759,5741
192000,182340,9660
301200,283396,17804
159100,149808,9292
500001,500001,0
273700,252680,21020
233900,246272,-12372
500001,280178,219823
222800,247427,-24627
140200,153926,-13726
159800,163029,-3229
118800,126669,-7869
500001,355385,144616
105500,142770,-37270
217800,204438,13362
187500,222826,-35326
287300,337224,-49924
131000,216994,-85994
55800,62118,-6318
161900,174098,-12198
253600,245923,7677
155000,160400,-5400
311500,343264,-31764
87800,86049,1751
105800,104465,1335
137000,165372,-28371
156300,158036,-1736
154700,151148,3552
167400,151082,16318
457800,417066,40734
500001,383779,116222
188300,376165,-187865
442900,324877,118023
500001,499156,845
500001,415222,84779
187500,180572,6928
57400,54394,3006
387500,211058,176442
272000,285015,-13015
167600,131148,36452
403700,288432,115268
191700,148117,43583
500001,308238,191763
187100,189817,-2717
96400,139982,-43582
92400,123420,-31020
213900,211925,1975
155000,239887,-84887
133000,160952,-27952
275000,213065,61935
238500,216712,21788
158300,122805,35495
70500,82568,-12068
222300,181134,41165
411900,381725,30175
185100,197446,-12346
500001,338755,161246
139800,133682,6118
178100,191033,-12933
159300,202617,-43317
125000,107912,17088
197100,232028,-34928
64000,70772,-6772
194600,213361,-18761
162500,137752,24748
84400,50190,34210
61300,105028,-43728
368200,339058,29142
122100,126334,-4234
86100,134344,-48244
209900,216381,-6481
170800,165781,5019
175000,168920,6080
126600,121534,5066
282200,309481,-27281
207700,194690,13009
104200,176495,-72295
214300,355306,-141006
80300,74722,5578
273100,179507,93593
237500,244199,-6699
73800,93043,-19243
184400,167370,17030
342000,297178,44822
129700,144072,-14372
224000,253229,-29229
156900,126797,30103
394900,249528,145372
157700,195486,-37786
119900,112607,7293
316900,359314,-42414
212500,248876,-36376
68300,79593,-11293
165100,178824,-13724
93600,98498,-4898
88800,102329,-13529
184700,200526,-15826
327100,357033,-29933
134300,110125,24175
500001,295914,204087
162100,166365,-4265
500001,500001,0
229200,222499,6701
112500,90837,21663
354200,247712,106488
362100,334648,27452
162500,95140,67360
100500,120078,-19578
67700,83625,-15925
57100,60450,-3350
164800,250943,-86143
204200,213082,-8882
342400,334957,7443
181500,150492,31008
304500,275052,29448
235300,222025,13275
105300,238029,-132729
291400,293283,-1883
159600,181246,-21646
111800,109042,2758
119600,133203,-13603
329700,190413,139287
136700,163631,-26931
101400,97720,3680
118600,107557,11043
133300,148598,-15298
52500,55084,-2584
234600,244693,-10093
75000,87651,-12651
176300,169083,7217
346800,319211,27589
251800,294061,-42261
54200,67399,-13199
67500,122862,-55362
142500,172853,-30353
101600,116484,-14884
227300,304377,-77077
337200,414442,-77242
118800,224973,-106173
67500,83553,-16053
202000,246722,-44722
94200,97937,-3737
96200,99024,-2824
225000,256641,-31641
258700,233620,25080
103100,108257,-5157
117200,149781,-32581
164800,184486,-19686
144000,156532,-12533
500001,400892,99109
155400,174093,-18693
114700,118459,-3759
123100,154751,-31651
226800,204101,22699
180400,165030,15370
310900,379914,-69014
148800,162378,-13578
84700,107560,-22860
63700,73575,-9875
262000,241137,20863
438100,409805,28295
226500,242814,-16314
87600,106129,-18529
345500,359492,-13992
140100,116178,23922
366700,305800,60900
270800,292177,-21377
168800,197947,-29147
293800,368247,-74447
251800,268618,-16818
85100,87711,-2611
267500,292391,-24891
140900,151022,-10122
285500,202765,82735
151300,114485,36815
225000,265003,-40003
44600,71784,-27184
450000,235094,214906
229300,303802,-74502
225000,65803,159197
138000,183119,-45119
96900,79136,17764
161200,202092,-40892
144300,129535,14765
450000,301961,148039
122500,140135,-17635
248700,225871,22829
134200,145009,-10809
348100,344669,3431
78300,126140,-47840
107800,96866,10934
146900,134717,12183
188300,197400,-9100
162500,155255,7245
58600,59259,-659
183700,188872,-5172
180400,188704,-8304
175000,179850,-4850
137200,229885,-92685
110000,222382,-112382
233400,244867,-11467
128300,138591,-10291
350000,239397,110603
155200,171511,-16311
256700,302103,-45403
85900,103317,-17417
73200,80559,-7359
258300,239625,18675
62800,73558,-10758
485000,322584,162416
124000,140181,-16181
158500,172626,-14126
97300,101301,-4001
186700,192537,-5837
344100,349321,-5221
166700,170996,-4296
108900,112988,-4088
482900,443794,39106
204400,353276,-148876
230700,220064,10636
53000,67949,-14949
178500,168548,9952
500001,330400,169601
500001,433739,66262
84900,69811,15089
500001,381033,118968
246800,253240,-6440
156300,153481,2819
234600,172879,61721
48800,90726,-41926
145800,174367,-28567
271500,246559,24941
500001,390529,109472
87500,139248,-51748
69100,58667,10433
139300,142293,-2993
273400,268164,5236
229700,217906,11794
68200,65483,2717
114300,133990,-19690
159900,221750,-61850
116600,118172,-1572
209900,197144,12756
68900,62199,6701
101400,111505,-10105
214000,215997,-1997
355300,344553,10747
90300,130312,-40012
159300,159748,-448
63900,83939,-20039
218200,242128,-23928
253600,297760,-44160
81300,114663,-33363
188600,205429,-16829
165400,229716,-64316
106300,153280,-46980
210100,244494,-34394
147600,151435,-3835
112500,270933,-158433
175000,182838,-7838
156600,166476,-9876
117300,139125,-21825
229200,219045,10155
350000,204764,145236
171900,184550,-12650
199300,214339,-15039
251600,330484,-78884
300000,314436,-14436
158900,172009,-13109
216800,244626,-27826
198000,234396,-36396
356100,412530,-56430
192300,213398,-21098
314500,262129,52371
50000,63198,-13198
162500,168183,-5683
167100,174868,-7768
138800,128232,10568
147600,156069,-8469
238500,209707,28793
110700,144126,-33426
333800,328043,5757
192100,211214,-19114
294000,244135,49865
154500,150380,4120
151900,159395,-7495
500001,494244,5757
322900,253087,69813
165600,235979,-70379
221200,208400,12800
170400,172215,-1815
198700,214436,-15736
162500,132819,29681
411200,347789,63411
335500,322394,13106
149100,151216,-2116
381500,387908,-6408
183900,180756,3144
91200,149192,-57992
411500,380184,31316
220300,260161,-39861
158100,146563,11537
69600,84744,-15144
270500,291682,-21181
261600,280707,-19107
389500,337111,52389
75000,91801,-16801
177600,205288,-27688
170400,150023,20377
154200,144652,9548
131900,145289,-13389
44400,60006,-15606
145000,141272,3728
224100,281951,-57851
187500,181291,6209
192900,222598,-29698
88600,107120,-18520
183900,198083,-14183
225000,270431,-45431
182800,170491,12309
137600,162489,-24889
265300,235226,30074
36600,73209,-36609
125500,150072,-24572
138600,230199,-91599
487100,388126,98974
178600,164410,14190
134500,193582,-59082
306700,343469,-36769
115800,175517,-59717
91400,127667,-36267
210900,200824,10076
259200,282857,-23657
347300,353966,-6666
168400,235823,-67423
150900,149661,1239
113500,119010,-5510
302600,283122,19478
423300,287380,135920
492200,430780,61420
190600,178803,11797
245000,197012,47988
55700,79670,-23970
84000,138043,-54043
275000,272390,2610
189600,187919,1681
275900,255517,20383
319800,332834,-13034
291700,238523,53177
67900,69771,-1871
189000,187487,1513
90000,117486,-27486
335000,328010,6990
176700,172750,3950
98500,106902,-8402
200600,236872,-36272
60200,68616,-8416
191900,194094,-2194
191100,204738,-13638
337300,313748,23552
225000,360813,-135813
290600,233724,56876
121500,123954,-2454
293200,309593,-16393
107000,121584,-14584
266400,232710,33690
76900,113653,-36753
220300,199596,20704
101100,108307,-7207
474600,364507,110093
65300,71158,-5858
113700,123165,-9465
214200,234708,-20508
216700,224035,-7335
198400,197093,1307
212200,224519,-12319
222700,390869,-168169
265900,232698,33202
37500,78849,-41349
265000,266124,-1124
108700,110674,-1974
46700,52906,-6206
187500,204851,-17351
61600,72046,-10446
343000,325285,17715
166000,195797,-29797
500001,277016,222985
137500,183978,-46478
90600,97486,-6886
77000,104711,-27711
148100,150678,-2578
91600,134837,-43237
150900,192889,-41989
155100,158504,-3405
89200,83900,5300
215400,212725,2675
55100,67930,-12830
197400,193850,3550
154400,164618,-10218
141700,175705,-34005
98400,83553,14847
152600,183264,-30664
109600,120078,-10478
171300,180586,-9286
104100,95003,9097
153900,151053,2847
270000,252468,17532
286500,280489,6011
335000,229895,105105
137700,156671,-18971
232000,232111,-111
393800,341670,52130
70300,89761,-19461
141700,145798,-4098
156300,158066,-1767
450000,307539,142461
199800,193999,5801
95300,118223,-22923
86900,104230,-17330
187500,164776,22724
221800,204015,17785
58800,66252,-7452
134400,151372,-16972
238600,258563,-19963
160900,175223,-14323
136400,188938,-52538
144000,156416,-12416
159300,187194,-27894
155300,173282,-17982
142600,221449,-78849
120700,123236,-2536
126200,172357,-46157
213400,219007,-5607
116900,132875,-15975
185800,176529,9271
356000,415484,-59484
150000,155007,-5007
88900,90798,-1897
259100,240571,18529
500001,413428,86573
127600,120029,7571
69900,103882,-33982
137000,176187,-39187
273700,265765,7935
92000,102004,-10004
118300,153897,-35597
410800,463316,-52516
100500,105302,-4802
492900,400597,92303
118500,120150,-1650
113500,121477,-7977
89900,187290,-97390
500001,414470,85531
500001,498571,1430
146300,298424,-152124
113500,116434,-2934
275000,228300,46700
102500,118621,-16121
147100,174350,-27250
225000,198156,26844
139400,159693,-20293
175800,155822,19978
57000,74442,-17442
269600,182581,87019
272900,247849,25051
76200,96203,-20003
484100,435475,48625
180600,151794,28806
238000,231506,6494
137500,121793,15707
186300,159149,27151
192900,208207,-15307
84500,65796,18704
107600,162934,-55334
55500,63037,-7537
265300,251627,13673
388300,402840,-14540
482700,398360,84340
198100,275335,-77235
92700,75878,16822
346200,358796,-12596
38800,67591,-28791
56700,60222,-3522
123700,151761,-28061
93800,88850,4950
93200,120411,-27211
44000,75071,-31071
69200,101687,-32487
301800,251927,49873
254200,203905,50295
209800,250618,-40818
184500,190805,-6305
73400,86982,-13582
339000,339130,-130
93100,91803,1297
202300,211482,-9182
133300,105984,27316
270700,277781,-7081
240200,272317,-32117
139300,130588,8712
57000,68184,-11184
170700,147818,22882
119200,123901,-4701
177300,179845,-2545
289600,287656,1944
297600,286532,11068
109900,124519,-14619
147500,177766,-30266
78700,98041,-19341
160300,183842,-23542
77700,116525,-38825
473500,458473,15027
500001,469488,30513
133100,134718,-1618
93500,73517,19983
280100,287533,-7433
256700,219174,37526
288000,252402,35598
161100,169210,-8110
137000,171349,-34349
62000,93634,-31634
443800,448198,-4398
68300,118577,-50277
262100,273044,-10944
109400,134450,-25050
409300,397884,11416
175200,174176,1025
147700,178120,-30420
287500,197627,89873
93200,114360,-21160
93800,139865,-46065
172400,181528,-9128
318600,303519,15081
185200,179678,5522
65200,68072,-2872
179700,122281,57419
159200,164399,-5199
151900,185842,-33943
71700,128553,-56853
245200,175132,70068
228300,362714,-134414
196400,217098,-20698
192400,210151,-17751
65900,65721,179
282300,195146,87154
185300,197364,-12064
88600,96510,-7910
67500,78686,-11186
143400,103184,40216
119400,106962,12438
215800,282116,-66316
257400,268100,-10700
373400,265288,108112
152300,123424,28876
245700,229028,16672
80000,67400,12600
137200,149985,-12785
266900,256949,9951
395300,356810,38490
222100,225489,-3389
500001,280985,219016
500001,393142,106859
232900,224586,8314
259700,324754,-65054
215700,179779,35921
243200,235856,7344
221400,183342,38058
112500,120356,-7856
388500,194445,194055
410000,341048,68952
163000,207473,-44473
500000,447638,52362
231300,240461,-9161
76100,95976,-19876
458600,296841,161759
366300,358032,8268
296800,242697,54103
58600,54716,3883
84800,91771,-6971
117300,185598,-68298
126600,140386,-13786
170800,176218,-5418
149300,145047,4253
119000,125557,-6557
375000,351046,23954
284900,292133,-7233
170100,123351,46749
500001,297625,202376
98700,132762,-34062
60800,68602,-7802
142800,137224,5576
223900,224455,-555
137500,204768,-67268
297800,307124,-9324
112700,121513,-8813
113300,102583,10717
121400,140059,-18659
248400,269138,-20738
407800,405669,2131
356600,376002,-19402
106300,115684,-9384
121400,120120,1280
240900,202330,38570
247100,161136,85964
137900,105310,32590
86300,74768,11532
500001,386400,113601
216300,234973,-18673
305600,346425,-40825
158300,197868,-39568
452100,402275,49825
95000,135668,-40668
105700,88775,16925
84600,76495,8105
240100,164858,75242
162500,173469,-10969
96600,125591,-28991
92200,91403,797
228200,204136,24064
113700,150555,-36855
69000,67548,1452
500001,449795,50206
225000,208029,16971
174000,157460,16540
500001,465177,34824
253000,310172,-57172
277600,353396,-75796
285200,280405,4795
90300,107100,-16800
189900,168820,21080
316600,269801,46799
301900,271051,30849
93100,96391,-3291
94200,96753,-2553
213800,221139,-7339
187500,186259,1241
500001,402780,97221
325700,333720,-8020
300000,240629,59371
143900,171015,-27115
500001,484679,15322
264100,262815,1285
62300,84040,-21740
138800,126191,12609
105400,122432,-17032
63500,72869,-9369
500001,202637,297364
97800,113192,-15392
127400,138102,-10702
135300,157076,-21776
156100,139802,16298
446800,478257,-31457
65000,83654,-18654
151800,172056,-20256
192200,192977,-777
153100,194189,-41089
165800,181414,-15614
254200,295988,-41788
234200,275228,-41028
112500,95313,17187
118700,109101,9599
240900,231968,8932
283300,360422,-77122
450000,184995,265005
52100,60617,-8517
55900,65588,-9688
88100,119871,-31771
248900,206282,42617
68600,157911,-89311
156300,169240,-12940
272700,308661,-35961
340400,348210,-7810
218800,231122,-12322
70100,79160,-9060
500001,310276,189725
162500,213859,-51359
111800,108935,2865
110200,138406,-28206
74200,62780,11420
103200,120166,-16966
172100,196887,-24787
132000,133372,-1372
166300,125275,41025
107300,106923,377
107900,96794,11106
94600,81232,13368
66100,108351,-42251
158200,162689,-4489
95800,103881,-8081
117000,115185,1815
170900,184303,-13403
92900,118843,-25943
162500,162172,328
193800,164601,29199
134600,106661,27939
123100,75879,47221
115700,148941,-33241
83500,103389,-19889
62200,56504,5696
74400,91265,-16865
180100,183062,-2962
195800,224486,-28686
500001,498286,1715
144300,142269,2031
125400,106475,18925
80800,79954,846
65900,71134,-5234
157900,166466,-8567
500001,309139,190862
180800,232056,-51256
236200,261518,-25318
103000,104255,-1255
216900,177287,39613
383300,288234,95066
500001,261770,238231
83500,84822,-1322
214400,234825,-20425
100000,109821,-9821
78800,90642,-11842
97600,106164,-8564
178400,244727,-66327
287100,326685,-39585
270100,340591,-70491
185500,212060,-26560
90600,120462,-29862
213600,181030,32570
124300,123141,1159
205000,124091,80908
256700,256245,455
392700,427271,-34571
133300,129532,3768
187100,193639,-6539
255400,337169,-81769
347400,340155,7245
171700,166384,5316
112500,208441,-95941
82600,93438,-10838
48600,54408,-5808
134100,255839,-121739
225800,218992,6808
500001,487892,12109
470000,430930,39070
225800,217474,8326
158000,198301,-40301
117100,139241,-22141
416300,403576,12724
120800,120644,156
226300,225913,387
122200,126790,-4590
100000,121117,-21117
229500,195985,33515
195800,85334,110466
85000,234763,-149763
264700,228431,36269
455500,428186,27314
176000,183259,-7259
81100,102667,-21567
166400,211999,-45599
82600,82571,29
272200,237378,34822
271100,367897,-96797
239400,256890,-17490
171800,198852,-27052
121800,102580,19220
173600,168461,5139
239300,258936,-19636
58800,73747,-14947
287500,266783,20717
70700,118173,-47473
181700,178394,3305
113700,130374,-16674
224100,228802,-4702
351300,415613,-64313
301300,255598,45702
80700,160127,-79427
152600,185482,-32882
237400,258219,-20819
179400,164647,14753
500001,480771,19230
170200,202791,-32591
165300,150670,14630
225900,217289,8611
159700,164445,-4745
363500,395806,-32306
132100,144821,-12721
376800,397633,-20833
96900,96211,689
316200,369432,-53232
323800,339135,-15335
387500,418886,-31386
149100,142649,6451
500001,500001,0
225000,141223,83777
178800,204949,-26149
87500,107729,-20229
130100,121394,8706
500001,439050,60951
349000,305023,43977
73000,74572,-1572
244700,245503,-803
275400,223940,51460
246200,252448,-6248
236200,231232,4968
232200,307439,-75239
53300,92141,-38841
163100,150426,12674
72400,95661,-23261
234500,235973,-1473
150000,184634,-34634
116100,111601,4499
181300,191587,-10287
121000,146967,-25967
88700,106909,-18209
182500,186763,-4263
197400,214154,-16754
128100,134284,-6184
76500,96026,-19526
300000,309905,-9905
500001,434556,65445
160300,155192,5108
335600,343581,-7981
157600,162665,-5065
190600,224395,-33795
180800,222855,-42055
104200,110174,-5974
111800,138560,-26760
194100,200800,-6700
253800,338197,-84397
129500,237171,-107671
117600,183491,-65891
339800,361650,-21850
342900,327431,15469
195500,186292,9208
83800,81222,2578
94200,115113,-20913
140600,123896,16704
160900,248529,-87629
169300,168698,602
275900,259520,16380
146200,142461,3739
202300,206387,-4087
154000,153673,327
135500,144733,-9233
235900,234733,1167
128800,125395,3405
249600,195206,54394
300000,283549,16451
134100,173174,-39074
308600,331750,-23150
350000,314271,35729
110800,144037,-33237
190800,222473,-31673
108800,118239,-9439
144400,163923,-19523
162900,147104,15796
163900,181117,-17217
98000,94756,3244
132700,141138,-8438
283100,313415,-30315
407200,347284,59916
248200,259530,-11330
64500,92860,-28360
500001,318527,181474
194400,298898,-104498
137500,145348,-7848
127300,134392,-7092
85300,87583,-2283
194900,200121,-5221
221100,260314,-39214
192200,199514,-7314
404500,288207,116293
73500,73796,-296
233700,214249,19451
118800,116428,2372
70000,107353,-37353
182800,169221,13579
500001,484598,15403
157700,208933,-51233
247900,288473,-40573
500001,379135,120866
357900,270348,87552
56900,55591,1309
302400,328615,-26215
125400,135044,-9644
386400,285579,100821
175600,160227,15373
110500,137073,-26573
386700,449655,-62955
137500,162967,-25467
228700,241073,-12373
149400,184240,-34840
73700,73020,680
500001,403127,96874
132100,138217,-6117
86500,114153,-27653
417900,359828,58072
172600,196019,-23419
99700,92059,7641
72500,108414,-35914
180800,201136,-20336
308400,266745,41655
288300,260662,27638
302200,359285,-57085
288800,357657,-68857
100000,139929,-39929
233000,255185,-22185
136900,136713,187
209400,238901,-29501
246600,266758,-20158
65200,103312,-38113
491200,358822,132378
356700,298730,57970
164300,238936,-74636
88200,106388,-18188
155900,131682,24218
191700,168105,23595
84400,176155,-91755
190100,217304,-27204
112500,122687,-10187
115200,163842,-48642
174600,197107,-22507
113500,164344,-50844
152400,226674,-74274
250300,240337,9963
183700,196983,-13283
500001,259748,240253
310900,300710,10190
230600,200658,29942
68500,91037,-22537
267400,282650,-15250
145300,181963,-36663
282000,276636,5364
282100,145352,136748
189800,177203,12597
254400,238810,15590
161700,166596,-4896
188800,174267,14533
500001,362484,137517
94400,76165,18235
342800,242770,100030
191500,298561,-107061
209600,199697,9903
235000,189656,45344
231400,353180,-121780
130200,158101,-27901
208200,199682,8518
500001,493169,6832
168600,209621,-41021
228100,214337,13763
126900,167931,-41031
135500,136406,-906
156700,204888,-48188
208600,235845,-27245
436700,248094,188606
71000,58853,12147
88800,89507,-707
341600,377556,-35956
120200,108914,11286
148200,158582,-10382
500001,401035,98966
375000,259669,115331
137500,158014,-20514
64800,89541,-24741
231800,264494,-32694
160700,171529,-10829
251000,243626,7374
142500,205733,-63233
176500,197058,-20558
177100,222072,-44972
311800,346653,-34853
84600,123327,-38727
122600,119812,2788
198200,235305,-37105
500000,448166,51834
279800,307474,-27674
195000,240193,-45193
202800,173057,29743
354100,366565,-12465
259500,279236,-19736
500001,307347,192654
272400,294536,-22136
183900,174165,9735
285800,246138,39662
225000,209503,15497
292600,267403,25197
55200,53280,1920
262000,220202,41798
158900,168132,-9232
172100,202322,-30222
191700,201074,-9374
225000,221600,3400
108300,125958,-17658
113600,105152,8448
100000,135568,-35568
191700,220435,-28735
117200,84278,32922
110600,105308,5292
80200,86701,-6501
98100,128885,-30785
253800,245627,8173
48100,51958,-3858
192800,166563,26237
132800,122840,9960
196300,184023,12277
320800,262151,58649
319400,311760,7640
203700,260901,-57201
207100,258613,-51513
79900,113358,-33458
500001,426885,73116
330000,219289,110711
139000,147144,-8144
187500,193786,-6286
448300,335774,112526
176300,182053,-5753
175900,102682,73218
104200,131929,-27729
162200,162318,-117
166800,163134,3666
161200,156544,4656
153100,160397,-7297
156900,115735,41165
158100,173366,-15266
76900,85212,-8312
165400,165281,119
73500,175044,-101544
118400,180291,-61891
142400,170813,-28413
280300,276535,3765
107200,146112,-38912
183300,162174,21126
98800,71862,26938
234500,208556,25944
143500,143565,-65
108000,152322,-44322
97800,101379,-3579
70500,82356,-11856
225900,200282,25618
239800,248386,-8586
136400,188259,-51859
180600,175316,5284
239600,197755,41845
265700,260856,4844
204200,184665,19535
122500,178090,-55590
204000,255161,-51161
195300,184427,10873
215800,214101,1699
500001,495195,4806
75800,70743,5057
265400,349201,-83801
273700,389743,-116043
116400,114311,2089
59400,70909,-11509
137000,106265,30735
119200,75140,44060
244200,263641,-19441
170000,159054,10946
280300,323293,-42993
285000,368534,-83534
102600,178661,-76061
120500,113044,7456
361600,417066,-55466
455300,426507,28793
213400,238968,-25568
158000,204914,-46914
217000,202973,14027
63700,68933,-5233
244300,290594,-46294
151100,165395,-14295
110800,111258,-458
433800,468399,-34599
72900,93713,-20813
108500,137711,-29211
452600,422487,30113
467600,491640,-24040
263300,257977,5323
266800,199836,66964
500001,477241,22760
72300,70831,1469
151500,167679,-16179
